"Bouwnummer:","Thema:","Pagina Locatie:","Plaatje Nummer:",""
"41103","Friends","https://www.lego.com/nl-nl/product/pop-star-recording-studio-41103","41103",""
"41049","Friends","https://www.lego.com/nl-nl/product/pandas-bamboo-41049","41049",""
"41031","Friends","https://www.lego.com/nl-nl/product/andreas-mountain-hut-41031","41031",""
"41042","Friends","https://www.brickwatch.net/nl-NL/set/41042/Tiger-s-Beautiful-Temple.html","41042",""
"41041","Friends","https://www.brickwatch.net/nl-NL/set/41041/Turtle-s-Little-Paradise.html","41041",""
"41048","Friends","https://www.brickwatch.net/nl-NL/set/41048/Lion-Cub-s-Savanna.html","41048",""
"41010","Friends","https://www.brickwatch.net/nl-NL/set/41010/Olivia-s-Beach-Buggy.html","41010",""
"41029","Friends","https://www.lego.com/nl-nl/product/stephanies-new-born-lamb-41029","41029",""
"41009","Friends","https://www.brickwatch.net/nl-NL/set/41009/Andrea-s-Bedroom.html","41009",""
"41003","Friends","https://www.brickwatch.net/nl-NL/set/41003/Olivia-s-Newborn-Foal.html","41003",""
"41002","Friends","https://www.brickwatch.net/nl-NL/set/41002/Emma-s-Karate-Class.html","41002",""
"41034","Friends","https://www.brickwatch.net/nl-NL/set/41034/Summer-Caravan.html","41034",""
"41100","Friends","https://www.lego.com/nl-nl/product/heartlake-private-jet-41100","41100",""
"41033","Friends","https://www.brickwatch.net/nl-NL/set/41033/Jungle-Falls-Rescue.html","41033",""
"41095","Friends","https://www.lego.com/nl-nl/product/emmas-house-41095","41095",""
"3186","Friends","https://www.lego.com/nl-nl/product/emmas-horse-trailer-3186","3186",""
"41098","Friends","https://www.lego.com/nl-nl/product/emmas-tourist-kiosk-41098","41098",""
"41026","Friends","https://www.lego.com/nl-nl/product/sunshine-harvest-41026","41026",""
"41006","Friends","https://www.lego.com/nl-nl/product/downtown-bakery-41006","41006",""
"41093","Friends","https://www.lego.com/nl-nl/product/heartlake-hair-salon-41093","41093",""
"41055","Friends","https://www.lego.com/nl-nl/product/cinderellas-romantic-castle-41055","41055",""
"41105","Friends","https://www.lego.com/nl-nl/product/pop-star-show-stage-41105","41105",""
"41038","Friends","https://www.brickwatch.net/nl-NL/set/41038/Jungle-Rescue-Base.html","41038",""
"41015","Friends","https://www.lego.com/nl-nl/product/dolphin-cruiser-41015","41015",""
"3315","Friends","https://www.lego.com/nl-nl/product/olivias-house-3315","3315",""
"41005","Friends","https://www.lego.com/nl-nl/product/heartlake-high-41005","41005",""
"41037","Friends","https://www.brickwatch.net/nl-NL/set/41037/Stephanie-s-Beach-House.html","41037",""
"41056","Friends","https://www.lego.com/nl-nl/product/heartlake-news-van-41056","41056",""
"41039","Friends","https://www.brickwatch.net/nl-NL/set/41039/Sunshine-Ranch.html","41039",""